ID,Name,Class,Score
1.0,Phuc,19CLC5,0.9354143466934857
2.0,Thanh,19CLC5,0.9354143466934857
3.0,Khoi,19CLC5,-0.4008918628686364
4.0,Minh,19CLC4,-1.7371980724307583
5.0,Si,,
6.0,Duy,,0.2672612419124246
